{
    "$schema": "https://schema.management.azure.com/schemas/2015-01-01/deploymentTemplate.json#",
    "contentVersion": "1.0.0.0",
    "parameters": {
        "username": {
            "type": "string",
            "defaultValue": "adminaccount"
        },
        "password": {
            "type": "securestring"
        },
        "sqlServerName": {
            "type": "string",
            "defaultValue": "[concat('demo-dbserver-', uniqueString(resourceGroup().id))]"
        }
    },
    "variables": {
        "deploymentUrl": "[deployment().properties.templateLink.uri]",
        "sqlServerResourceId": "[resourceId('Microsoft.Sql/servers', parameters('sqlServerName'))]",
        "sqlServerDatabaseName": "demo-sqldb",
        "vnetName": "demo-vnet",
        "vnetAddressPrefix": "10.1.0.0/16",
        "vnetResourceId": "[resourceId('Microsoft.Network/virtualNetworks', variables('vnetName'))]",
        "webNSGName": "demo-web-nsg",
        "webNSGResourceId": "[resourceId('Microsoft.Network/networkSecurityGroups', variables('webNSGName'))]",
        "webVMName": "demo-web-vm",
        "webVMNicName": "demo-web-vm-nic",
        "webVMNicPIPName": "demo-web-vm-nic-pip",
        "webSubnetName": "demo-web-subnet",
        "webSubnetPrefix": "10.1.0.0/24",
        "bizVMName": "demo-biz-vm",
        "bizVMNicName": "demo-biz-vm-nic",
        "bizNSGName": "demo-biz-nsg",
        "bizSubnetName": "demo-biz-subnet",
        "bizSubnetPrefix": "10.1.1.0/24",
        "bizNSGResourceId": "[resourceId('Microsoft.Network/networkSecurityGroups', variables('bizNSGName'))]",
        "webVMNicResourceId": "[resourceId('Microsoft.Network/networkInterfaces', variables('webVMNicName'))]",
        "webVMNicPIPResourceId": "[resourceId('Microsoft.Network/publicIPAddresses', variables('webVMNicPIPName'))]",
        "webSubnetResourceId": "[resourceId('Microsoft.Network/virtualNetworks/subnets', variables('vnetName'), variables('webSubnetName'))]",
        "bizVMNicResourceId": "[resourceId('Microsoft.Network/networkInterfaces', variables('bizVMNicName'))]",
        "bizSubnetResourceId": "[resourceId('Microsoft.Network/virtualNetworks/subnets', variables('vnetName'), variables('bizSubnetName'))]"
    },
    "resources": [
        {
            "type": "Microsoft.Sql/servers",
            "kind": "v12.0",
            "name": "[parameters('sqlServerName')]",
            "apiVersion": "2015-05-01-preview",
            "location": "[resourceGroup().location]",
            "tags": {
                "tier": "data"
            },
            "scale": null,
            "properties": {
                "administratorLogin": "[parameters('username')]",
                "administratorLoginPassword": "[parameters('password')]",
                "version": "12.0"
            },
            "resources": [
                {
                    "type": "databases",
                    "sku": {
                        "name": "S0",
                        "tier": "Standard"
                    },
                    "kind": "v12.0,user",
                    "name": "[variables('sqlServerDatabaseName')]",
                    "apiVersion": "2017-03-01-preview",
                    "location": "[resourceGroup().location]",
                    "tags":{
                        "tier":"data"
                    },
                    "scale": null,
                    "properties": {
                        "collation": "SQL_Latin1_General_CP1_CI_AS"
                    },
                    "dependsOn": [
                        "[variables('sqlServerResourceId')]"
                    ]
                }
            ],
            "dependsOn": []
        },
        {
            "type": "Microsoft.Sql/servers/virtualNetworkRules",
            "name": "[concat(parameters('sqlServerName'), '/demo-vnet-biz-rule')]",
            "apiVersion": "2015-05-01-preview",
            "location": "[resourceGroup().location]",
            "properties": {
                "ignoreMissingVnetServiceEndpoint": false,
                "virtualNetworkSubnetId": "[variables('bizSubnetResourceId')]"
            },
            "dependsOn": [
                "[variables('vnetResourceId')]",
                "[variables('sqlServerResourceId')]"
            ]
        },
        {
            "type": "Microsoft.Network/networkSecurityGroups",
            "name": "[variables('webNSGName')]",
            "apiVersion": "2018-08-01",
            "location": "[resourceGroup().location]",
            "tags": {
                "tier": "presentation"
            },
            "properties": {
                "securityRules": [
                    {
                        "name": "http",
                        "properties": {
                            "protocol": "Tcp",
                            "sourcePortRange": "*",
                            "destinationPortRange": "80",
                            "sourceAddressPrefix": "*",
                            "destinationAddressPrefix": "*",
                            "access": "Allow",
                            "priority": 300,
                            "direction": "Inbound"
                        }
                    }
                ]
            },
            "dependsOn": []
        },
        {
            "type": "Microsoft.Network/networkSecurityGroups",
            "name": "[variables('bizNSGName')]",
            "apiVersion": "2018-08-01",
            "location": "[resourceGroup().location]",
            "tags": {
                "tier": "application"
            },
            "properties": {
                "securityRules": [
                    {
                        "name": "http",
                        "properties": {
                            "protocol": "Tcp",
                            "sourcePortRange": "*",
                            "destinationPortRange": "80",
                            "sourceAddressPrefix": "10.1.0.0/24",
                            "destinationAddressPrefix": "*",
                            "access": "Allow",
                            "priority": 300,
                            "direction": "Inbound"
                        }
                    },
                    {
                        "name": "DenyInbound",
                        "properties": {
                            "protocol": "*",
                            "sourcePortRange": "*",
                            "destinationPortRange": "*",
                            "sourceAddressPrefix": "*",
                            "destinationAddressPrefix": "*",
                            "access": "Deny",
                            "priority": 400,
                            "direction": "Inbound"
                        }
                    }
                ]
            },
            "dependsOn": []
        },
        {
            "type": "Microsoft.Network/virtualNetworks",
            "name": "[variables('vnetName')]",
            "apiVersion": "2018-08-01",
            "location": "[resourceGroup().location]",
            "properties": {
                "addressSpace": {
                    "addressPrefixes": [
                        "[variables('vnetAddressPrefix')]"
                    ]
                },
                "subnets": [
                    {
                        "name": "[variables('webSubnetName')]",
                        "properties": {
                            "addressPrefix": "[variables('webSubnetPrefix')]"
                        }
                    },
                    {
                        "name": "[variables('bizSubnetName')]",
                        "properties": {
                            "addressPrefix": "[variables('bizSubnetPrefix')]",
                            "serviceEndpoints": [
                                {
                                    "service": "Microsoft.Sql",
                                    "locations": [
                                        "[resourceGroup().location]"
                                    ]
                                }
                            ]
                        }
                    }
                ]
            },
            "dependsOn": []
        },
        {
            "type": "Microsoft.Network/publicIPAddresses",
            "sku": {
                "name": "Basic",
                "tier": "Regional"
            },
            "name": "[variables('webVMNicPIPName')]",
            "apiVersion": "2018-08-01",
            "location": "[resourceGroup().location]",
            "tags": {
                "tier": "presentation"
            },
            "properties": {
                "publicIPAddressVersion": "IPv4",
                "publicIPAllocationMethod": "Static",
                "idleTimeoutInMinutes": 4
            },
            "dependsOn": []
        },
        {
            "type": "Microsoft.Network/networkInterfaces",
            "name": "[variables('webVMNicName')]",
            "apiVersion": "2018-08-01",
            "location": "[resourceGroup().location]",
            "tags": {
                "tier": "presentation"
            },
            "scale": null,
            "properties": {
                "ipConfigurations": [
                    {
                        "name": "ipconfig1",
                        "properties": {
                            "privateIPAddress": "10.1.0.4",
                            "privateIPAllocationMethod": "Static",
                            "publicIPAddress": {
                                "id": "[variables('webVMNicPIPResourceId')]"
                            },
                            "subnet": {
                                "id": "[variables('webSubnetResourceId')]"
                            },
                            "primary": true,
                            "privateIPAddressVersion": "IPv4"
                        }
                    }
                ],
                "enableAcceleratedNetworking": false,
                "enableIPForwarding": false,
                "primary": true,
                "networkSecurityGroup": {
                    "id": "[variables('webNSGResourceId')]"
                }
            },
            "dependsOn": [
                "[variables('webVMNicPIPName')]",
                "[variables('vnetResourceId')]",
                "[variables('webNSGResourceId')]"
            ]
        },
        {
            "type": "Microsoft.Network/networkInterfaces",
            "name": "[variables('bizVMNicName')]",
            "apiVersion": "2018-08-01",
            "location": "[resourceGroup().location]",
            "tags": {
                "tier": "application"
            },
            "scale": null,
            "properties": {
                "ipConfigurations": [
                    {
                        "name": "ipconfig1",
                        "properties": {
                            "privateIPAddress": "10.1.1.4",
                            "privateIPAllocationMethod": "Static",
                            "subnet": {
                                "id": "[variables('bizSubnetResourceId')]"
                            },
                            "primary": true,
                            "privateIPAddressVersion": "IPv4"
                        }
                    }
                ],
                "enableAcceleratedNetworking": false,
                "enableIPForwarding": false,
                "primary": true,
                "networkSecurityGroup": {
                    "id": "[variables('bizNSGResourceId')]"
                }
            },
            "dependsOn": [
                "[variables('vnetResourceId')]",
                "[variables('bizNSGResourceId')]"
            ]
        },
        {
            "type": "Microsoft.Compute/virtualMachines",
            "name": "[variables('webVMName')]",
            "apiVersion": "2018-06-01",
            "location": "[resourceGroup().location]",
            "tags": {
                "tier": "presentation"
            },
            "properties": {
                "hardwareProfile": {
                    "vmSize": "Standard_D2s_v3"
                },
                "storageProfile": {
                    "imageReference": {
                        "publisher": "Canonical",
                        "offer": "UbuntuServer",
                        "sku": "18.04-LTS",
                        "version": "latest"
                    },
                    "osDisk": {
                        "osType": "Linux",
                        "name": "[concat(variables('webVMName'), '-disk')]",
                        "createOption": "FromImage",
                        "caching": "ReadWrite",
                        "managedDisk": {
                            "storageAccountType": "Premium_LRS"
                        },
                        "diskSizeGB": 30
                    },
                    "dataDisks": []
                },
                "osProfile": {
                    "computerName": "[variables('webVMName')]",
                    "adminUsername": "[parameters('username')]",
                    "adminPassword": "[parameters('password')]",
                    "linuxConfiguration": {
                        "disablePasswordAuthentication": false,
                        "provisionVMAgent": true
                    },
                    "secrets": [],
                    "allowExtensionOperations": true
                },
                "networkProfile": {
                    "networkInterfaces": [
                        {
                            "id": "[variables('webVMNicResourceId')]"
                        }
                    ]
                },
                "diagnosticsProfile": {
                    "bootDiagnostics": {
                        "enabled": false
                    }
                }
            },
            "resources": [
                {
                    "type": "extensions",
                    "name": "apache-ext",
                    "apiVersion": "2018-10-01",
                    "location": "[resourceGroup().location]",
                    "properties": {
                        "publisher": "Microsoft.Azure.Extensions",
                        "type": "CustomScript",
                        "typeHandlerVersion": "2.0",
                        "autoUpgradeMinorVersion": true,
                        "settings": {
                            "skipDos2Unix": true
                        },
                        "protectedSettings": {
                            "commandToExecute": "sh setup-votingweb.sh",
                            "fileUris": [
                                "[uri(variables('deploymentUrl'), 'setup-votingweb.sh')]",
                                "[uri(variables('deploymentUrl'), 'votingweb.conf')]",
                                "[uri(variables('deploymentUrl'), 'votingweb.service')]",
                                "[uri(variables('deploymentUrl'), 'votingweb.zip')]"
                            ]
                        }
                    },
                    "dependsOn": [
                        "[variables('webVMName')]"
                    ]
                }
            ],
            "dependsOn": [
                "[variables('webVMNicName')]"
            ]
        },
        {
            "type": "Microsoft.Compute/virtualMachines",
            "name": "[variables('bizVMName')]",
            "apiVersion": "2018-06-01",
            "location": "[resourceGroup().location]",
            "tags": {
                "tier": "application"
            },
            "properties": {
                "hardwareProfile": {
                    "vmSize": "Standard_D2s_v3"
                },
                "storageProfile": {
                    "imageReference": {
                        "publisher": "Canonical",
                        "offer": "UbuntuServer",
                        "sku": "18.04-LTS",
                        "version": "latest"
                    },
                    "osDisk": {
                        "osType": "Linux",
                        "name": "[concat(variables('bizVMName'), '-disk')]",
                        "createOption": "FromImage",
                        "caching": "ReadWrite",
                        "managedDisk": {
                            "storageAccountType": "Premium_LRS"
                        },
                        "diskSizeGB": 30
                    },
                    "dataDisks": []
                },
                "osProfile": {
                    "computerName": "[variables('bizVMName')]",
                    "adminUsername": "[parameters('username')]",
                    "adminPassword": "[parameters('password')]",
                    "linuxConfiguration": {
                        "disablePasswordAuthentication": false,
                        "provisionVMAgent": true
                    },
                    "secrets": [],
                    "allowExtensionOperations": true
                },
                "networkProfile": {
                    "networkInterfaces": [
                        {
                            "id": "[variables('bizVMNicResourceId')]"
                        }
                    ]
                },
                "diagnosticsProfile": {
                    "bootDiagnostics": {
                        "enabled": false
                    }
                }
            },
            "resources": [
                {
                    "type": "extensions",
                    "name": "apache-ext",
                    "apiVersion": "2018-10-01",
                    "location": "[resourceGroup().location]",
                    "properties": {
                        "publisher": "Microsoft.Azure.Extensions",
                        "type": "CustomScript",
                        "typeHandlerVersion": "2.0",
                        "autoUpgradeMinorVersion": true,
                        "settings": {
                            "skipDos2Unix": true
                        },
                        "protectedSettings": {
                            "commandToExecute": "[concat('sh setup-votingdata.sh ', parameters('sqlServerName'), ' ', parameters('username'), ' ', parameters('password'))]",
                            "fileUris": [
                                "[uri(variables('deploymentUrl'), 'setup-votingdata.sh')]",
                                "[uri(variables('deploymentUrl'), 'votingdata.conf')]",
                                "[uri(variables('deploymentUrl'), 'votingdata.service')]",
                                "[uri(variables('deploymentUrl'), 'votingdata.zip')]"
                            ]
                        }
                    },
                    "dependsOn": [
                        "[variables('bizVMName')]"
                    ]
                }
            ],
            "dependsOn": [
                "[variables('bizVMNicName')]"
            ]
        }
    ],
    "outputs": {
        "webSiteUrl": {
            "type":"string",
            "value": "[concat('http://', reference(resourceId('Microsoft.Network/publicIPAddresses',variables('webVMNicPIPName'))).IpAddress)]"
        }
    }
}
